engineer_id,name,region_code,region_name,patch_code,employment_type,target_jobs_day
ENG-NW-001,Engineer 0001,NW,North West,NW-P1,Permanent,3
ENG-NW-002,Engineer 0002,NW,North West,NW-P2,Contract,3
ENG-NW-003,Engineer 0003,NW,North West,NW-P3,Permanent,5
ENG-NW-004,Engineer 0004,NW,North West,NW-P4,Permanent,5
ENG-NW-005,Engineer 0005,NW,North West,NW-P5,Contract,3
ENG-NW-006,Engineer 0006,NW,North West,NW-P6,Permanent,3
ENG-NW-007,Engineer 0007,NW,North West,NW-P1,Permanent,3
ENG-NW-008,Engineer 0008,NW,North West,NW-P2,Permanent,5
ENG-NW-009,Engineer 0009,NW,North West,NW-P3,Permanent,3
ENG-NW-010,Engineer 0010,NW,North West,NW-P4,Contract,5
ENG-NW-011,Engineer 0011,NW,North West,NW-P5,Permanent,3
ENG-NW-012,Engineer 0012,NW,North West,NW-P6,Permanent,4
ENG-NW-013,Engineer 0013,NW,North West,NW-P1,Contract,3
ENG-NW-014,Engineer 0014,NW,North West,NW-P2,Contract,3
ENG-NW-015,Engineer 0015,NW,North West,NW-P3,Permanent,4
ENG-NW-016,Engineer 0016,NW,North West,NW-P4,Permanent,3
ENG-NW-017,Engineer 0017,NW,North West,NW-P5,Agency,4
ENG-NW-018,Engineer 0018,NW,North West,NW-P6,Permanent,4
ENG-NW-019,Engineer 0019,NW,North West,NW-P1,Permanent,4
ENG-NW-020,Engineer 0020,NW,North West,NW-P2,Permanent,3
ENG-NW-021,Engineer 0021,NW,North West,NW-P3,Contract,5
ENG-NW-022,Engineer 0022,NW,North West,NW-P4,Permanent,4
ENG-NW-023,Engineer 0023,NW,North West,NW-P5,Permanent,4
ENG-NW-024,Engineer 0024,NW,North West,NW-P6,Contract,5
ENG-NW-025,Engineer 0025,NW,North West,NW-P1,Contract,4
ENG-NW-026,Engineer 0026,NW,North West,NW-P2,Permanent,5
ENG-NW-027,Engineer 0027,NW,North West,NW-P3,Permanent,5
ENG-NW-028,Engineer 0028,NW,North West,NW-P4,Permanent,4
ENG-NW-029,Engineer 0029,NW,North West,NW-P5,Agency,3
ENG-NW-030,Engineer 0030,NW,North West,NW-P6,Contract,4
ENG-NW-031,Engineer 0031,NW,North West,NW-P1,Permanent,5
ENG-NW-032,Engineer 0032,NW,North West,NW-P2,Contract,3
ENG-NW-033,Engineer 0033,NW,North West,NW-P3,Permanent,3
ENG-NW-034,Engineer 0034,NW,North West,NW-P4,Permanent,5
ENG-NW-035,Engineer 0035,NW,North West,NW-P5,Agency,5
ENG-NW-036,Engineer 0036,NW,North West,NW-P6,Permanent,5
ENG-NW-037,Engineer 0037,NW,North West,NW-P1,Permanent,5
ENG-NW-038,Engineer 0038,NW,North West,NW-P2,Permanent,4
ENG-NE-001,Engineer 0039,NE,North East,NE-P1,Permanent,5
ENG-NE-002,Engineer 0040,NE,North East,NE-P2,Permanent,3
ENG-NE-003,Engineer 0041,NE,North East,NE-P3,Permanent,3
ENG-NE-004,Engineer 0042,NE,North East,NE-P4,Permanent,3
ENG-NE-005,Engineer 0043,NE,North East,NE-P5,Contract,4
ENG-NE-006,Engineer 0044,NE,North East,NE-P1,Permanent,3
ENG-NE-007,Engineer 0045,NE,North East,NE-P2,Agency,5
ENG-NE-008,Engineer 0046,NE,North East,NE-P3,Contract,4
ENG-NE-009,Engineer 0047,NE,North East,NE-P4,Permanent,4
ENG-NE-010,Engineer 0048,NE,North East,NE-P5,Permanent,5
ENG-NE-011,Engineer 0049,NE,North East,NE-P1,Permanent,4
ENG-NE-012,Engineer 0050,NE,North East,NE-P2,Permanent,5
ENG-NE-013,Engineer 0051,NE,North East,NE-P3,Permanent,4
ENG-NE-014,Engineer 0052,NE,North East,NE-P4,Contract,4
ENG-NE-015,Engineer 0053,NE,North East,NE-P5,Contract,4
ENG-NE-016,Engineer 0054,NE,North East,NE-P1,Permanent,3
ENG-NE-017,Engineer 0055,NE,North East,NE-P2,Permanent,3
ENG-NE-018,Engineer 0056,NE,North East,NE-P3,Contract,3
ENG-NE-019,Engineer 0057,NE,North East,NE-P4,Permanent,3
ENG-NE-020,Engineer 0058,NE,North East,NE-P5,Contract,4
ENG-NE-021,Engineer 0059,NE,North East,NE-P1,Permanent,4
ENG-NE-022,Engineer 0060,NE,North East,NE-P2,Permanent,4
ENG-NE-023,Engineer 0061,NE,North East,NE-P3,Permanent,5
ENG-NE-024,Engineer 0062,NE,North East,NE-P4,Contract,3
ENG-NE-025,Engineer 0063,NE,North East,NE-P5,Permanent,3
ENG-NE-026,Engineer 0064,NE,North East,NE-P1,Permanent,5
ENG-NE-027,Engineer 0065,NE,North East,NE-P2,Contract,5
ENG-NE-028,Engineer 0066,NE,North East,NE-P3,Permanent,4
ENG-MID-001,Engineer 0067,MID,Midlands,MID-P1,Permanent,4
ENG-MID-002,Engineer 0068,MID,Midlands,MID-P2,Permanent,5
ENG-MID-003,Engineer 0069,MID,Midlands,MID-P3,Contract,4
ENG-MID-004,Engineer 0070,MID,Midlands,MID-P4,Agency,3
ENG-MID-005,Engineer 0071,MID,Midlands,MID-P5,Permanent,3
ENG-MID-006,Engineer 0072,MID,Midlands,MID-P6,Contract,4
ENG-MID-007,Engineer 0073,MID,Midlands,MID-P7,Contract,5
ENG-MID-008,Engineer 0074,MID,Midlands,MID-P1,Permanent,3
ENG-MID-009,Engineer 0075,MID,Midlands,MID-P2,Permanent,3
ENG-MID-010,Engineer 0076,MID,Midlands,MID-P3,Permanent,5
ENG-MID-011,Engineer 0077,MID,Midlands,MID-P4,Agency,5
ENG-MID-012,Engineer 0078,MID,Midlands,MID-P5,Permanent,3
ENG-MID-013,Engineer 0079,MID,Midlands,MID-P6,Permanent,4
ENG-MID-014,Engineer 0080,MID,Midlands,MID-P7,Contract,4
ENG-MID-015,Engineer 0081,MID,Midlands,MID-P1,Permanent,3
ENG-MID-016,Engineer 0082,MID,Midlands,MID-P2,Contract,3
ENG-MID-017,Engineer 0083,MID,Midlands,MID-P3,Permanent,4
ENG-MID-018,Engineer 0084,MID,Midlands,MID-P4,Contract,5
ENG-MID-019,Engineer 0085,MID,Midlands,MID-P5,Contract,3
ENG-MID-020,Engineer 0086,MID,Midlands,MID-P6,Permanent,5
ENG-MID-021,Engineer 0087,MID,Midlands,MID-P7,Permanent,5
ENG-MID-022,Engineer 0088,MID,Midlands,MID-P1,Contract,4
ENG-MID-023,Engineer 0089,MID,Midlands,MID-P2,Agency,5
ENG-MID-024,Engineer 0090,MID,Midlands,MID-P3,Contract,5
ENG-MID-025,Engineer 0091,MID,Midlands,MID-P4,Permanent,4
ENG-MID-026,Engineer 0092,MID,Midlands,MID-P5,Permanent,5
ENG-MID-027,Engineer 0093,MID,Midlands,MID-P6,Permanent,4
ENG-MID-028,Engineer 0094,MID,Midlands,MID-P7,Contract,4
ENG-MID-029,Engineer 0095,MID,Midlands,MID-P1,Permanent,3
ENG-MID-030,Engineer 0096,MID,Midlands,MID-P2,Permanent,3
ENG-MID-031,Engineer 0097,MID,Midlands,MID-P3,Permanent,3
ENG-MID-032,Engineer 0098,MID,Midlands,MID-P4,Permanent,3
ENG-MID-033,Engineer 0099,MID,Midlands,MID-P5,Permanent,5
ENG-MID-034,Engineer 0100,MID,Midlands,MID-P6,Permanent,3
ENG-MID-035,Engineer 0101,MID,Midlands,MID-P7,Agency,4
ENG-MID-036,Engineer 0102,MID,Midlands,MID-P1,Permanent,3
ENG-MID-037,Engineer 0103,MID,Midlands,MID-P2,Permanent,4
ENG-MID-038,Engineer 0104,MID,Midlands,MID-P3,Permanent,3
ENG-MID-039,Engineer 0105,MID,Midlands,MID-P4,Contract,5
ENG-MID-040,Engineer 0106,MID,Midlands,MID-P5,Permanent,3
ENG-MID-041,Engineer 0107,MID,Midlands,MID-P6,Contract,4
ENG-MID-042,Engineer 0108,MID,Midlands,MID-P7,Permanent,3
ENG-MID-043,Engineer 0109,MID,Midlands,MID-P1,Permanent,4
ENG-MID-044,Engineer 0110,MID,Midlands,MID-P2,Permanent,4
ENG-MID-045,Engineer 0111,MID,Midlands,MID-P3,Contract,3
ENG-MID-046,Engineer 0112,MID,Midlands,MID-P4,Permanent,5
ENG-SE-001,Engineer 0113,SE,South East,SE-P1,Permanent,4
ENG-SE-002,Engineer 0114,SE,South East,SE-P2,Contract,3
ENG-SE-003,Engineer 0115,SE,South East,SE-P3,Permanent,3
ENG-SE-004,Engineer 0116,SE,South East,SE-P4,Permanent,3
ENG-SE-005,Engineer 0117,SE,South East,SE-P5,Permanent,4
ENG-SE-006,Engineer 0118,SE,South East,SE-P6,Permanent,3
ENG-SE-007,Engineer 0119,SE,South East,SE-P7,Permanent,5
ENG-SE-008,Engineer 0120,SE,South East,SE-P8,Permanent,5
ENG-SE-009,Engineer 0121,SE,South East,SE-P1,Agency,3
ENG-SE-010,Engineer 0122,SE,South East,SE-P2,Agency,3
ENG-SE-011,Engineer 0123,SE,South East,SE-P3,Permanent,4
ENG-SE-012,Engineer 0124,SE,South East,SE-P4,Permanent,4
ENG-SE-013,Engineer 0125,SE,South East,SE-P5,Agency,3
ENG-SE-014,Engineer 0126,SE,South East,SE-P6,Permanent,4
ENG-SE-015,Engineer 0127,SE,South East,SE-P7,Permanent,4
ENG-SE-016,Engineer 0128,SE,South East,SE-P8,Permanent,5
ENG-SE-017,Engineer 0129,SE,South East,SE-P1,Agency,5
ENG-SE-018,Engineer 0130,SE,South East,SE-P2,Permanent,4
ENG-SE-019,Engineer 0131,SE,South East,SE-P3,Permanent,4
ENG-SE-020,Engineer 0132,SE,South East,SE-P4,Permanent,3
ENG-SE-021,Engineer 0133,SE,South East,SE-P5,Permanent,5
ENG-SE-022,Engineer 0134,SE,South East,SE-P6,Permanent,4
ENG-SE-023,Engineer 0135,SE,South East,SE-P7,Permanent,5
ENG-SE-024,Engineer 0136,SE,South East,SE-P8,Permanent,5
ENG-SE-025,Engineer 0137,SE,South East,SE-P1,Permanent,5
ENG-SE-026,Engineer 0138,SE,South East,SE-P2,Permanent,3
ENG-SE-027,Engineer 0139,SE,South East,SE-P3,Permanent,3
ENG-SE-028,Engineer 0140,SE,South East,SE-P4,Permanent,3
ENG-SE-029,Engineer 0141,SE,South East,SE-P5,Permanent,5
ENG-SE-030,Engineer 0142,SE,South East,SE-P6,Permanent,5
ENG-SE-031,Engineer 0143,SE,South East,SE-P7,Permanent,3
ENG-SE-032,Engineer 0144,SE,South East,SE-P8,Permanent,5
ENG-SE-033,Engineer 0145,SE,South East,SE-P1,Permanent,4
ENG-SE-034,Engineer 0146,SE,South East,SE-P2,Agency,3
ENG-SE-035,Engineer 0147,SE,South East,SE-P3,Permanent,4
ENG-SE-036,Engineer 0148,SE,South East,SE-P4,Permanent,4
ENG-SE-037,Engineer 0149,SE,South East,SE-P5,Permanent,5
ENG-SE-038,Engineer 0150,SE,South East,SE-P6,Permanent,4
ENG-SE-039,Engineer 0151,SE,South East,SE-P7,Agency,3
ENG-SE-040,Engineer 0152,SE,South East,SE-P8,Permanent,5
ENG-SE-041,Engineer 0153,SE,South East,SE-P1,Agency,3
ENG-SE-042,Engineer 0154,SE,South East,SE-P2,Permanent,3
ENG-SE-043,Engineer 0155,SE,South East,SE-P3,Permanent,3
ENG-SE-044,Engineer 0156,SE,South East,SE-P4,Agency,3
ENG-SE-045,Engineer 0157,SE,South East,SE-P5,Contract,4
ENG-SE-046,Engineer 0158,SE,South East,SE-P6,Permanent,4
ENG-SE-047,Engineer 0159,SE,South East,SE-P7,Contract,5
ENG-SE-048,Engineer 0160,SE,South East,SE-P8,Permanent,5
ENG-SE-049,Engineer 0161,SE,South East,SE-P1,Permanent,5
ENG-SE-050,Engineer 0162,SE,South East,SE-P2,Contract,4
ENG-SE-051,Engineer 0163,SE,South East,SE-P3,Agency,3
ENG-SE-052,Engineer 0164,SE,South East,SE-P4,Agency,3
ENG-SW-001,Engineer 0165,SW,South West,SW-P1,Permanent,3
ENG-SW-002,Engineer 0166,SW,South West,SW-P2,Contract,3
ENG-SW-003,Engineer 0167,SW,South West,SW-P3,Permanent,5
ENG-SW-004,Engineer 0168,SW,South West,SW-P4,Permanent,4
ENG-SW-005,Engineer 0169,SW,South West,SW-P1,Permanent,5
ENG-SW-006,Engineer 0170,SW,South West,SW-P2,Contract,5
ENG-SW-007,Engineer 0171,SW,South West,SW-P3,Permanent,3
ENG-SW-008,Engineer 0172,SW,South West,SW-P4,Permanent,4
ENG-SW-009,Engineer 0173,SW,South West,SW-P1,Contract,3
ENG-SW-010,Engineer 0174,SW,South West,SW-P2,Permanent,3
ENG-SW-011,Engineer 0175,SW,South West,SW-P3,Permanent,4
ENG-SW-012,Engineer 0176,SW,South West,SW-P4,Permanent,4
ENG-SW-013,Engineer 0177,SW,South West,SW-P1,Permanent,4
ENG-SW-014,Engineer 0178,SW,South West,SW-P2,Permanent,3
ENG-SW-015,Engineer 0179,SW,South West,SW-P3,Permanent,5
ENG-SW-016,Engineer 0180,SW,South West,SW-P4,Agency,5
ENG-SW-017,Engineer 0181,SW,South West,SW-P1,Permanent,4
ENG-SW-018,Engineer 0182,SW,South West,SW-P2,Permanent,3
ENG-SW-019,Engineer 0183,SW,South West,SW-P3,Permanent,3
ENG-SW-020,Engineer 0184,SW,South West,SW-P4,Permanent,3
ENG-SW-021,Engineer 0185,SW,South West,SW-P1,Contract,3
ENG-SW-022,Engineer 0186,SW,South West,SW-P2,Permanent,5
ENG-SW-023,Engineer 0187,SW,South West,SW-P3,Permanent,5
ENG-SW-024,Engineer 0188,SW,South West,SW-P4,Contract,4
ENG-WAL-001,Engineer 0189,WAL,Wales,WAL-P1,Agency,5
ENG-WAL-002,Engineer 0190,WAL,Wales,WAL-P2,Permanent,3
ENG-WAL-003,Engineer 0191,WAL,Wales,WAL-P3,Contract,3
ENG-WAL-004,Engineer 0192,WAL,Wales,WAL-P1,Contract,3
ENG-WAL-005,Engineer 0193,WAL,Wales,WAL-P2,Permanent,4
ENG-WAL-006,Engineer 0194,WAL,Wales,WAL-P3,Contract,4
ENG-WAL-007,Engineer 0195,WAL,Wales,WAL-P1,Contract,5
ENG-WAL-008,Engineer 0196,WAL,Wales,WAL-P2,Contract,4
ENG-WAL-009,Engineer 0197,WAL,Wales,WAL-P3,Permanent,5
ENG-WAL-010,Engineer 0198,WAL,Wales,WAL-P1,Permanent,3
ENG-WAL-011,Engineer 0199,WAL,Wales,WAL-P2,Contract,3
ENG-WAL-012,Engineer 0200,WAL,Wales,WAL-P3,Permanent,4
ENG-WAL-013,Engineer 0201,WAL,Wales,WAL-P1,Permanent,3
ENG-WAL-014,Engineer 0202,WAL,Wales,WAL-P2,Permanent,5
ENG-WAL-015,Engineer 0203,WAL,Wales,WAL-P3,Permanent,4
ENG-WAL-016,Engineer 0204,WAL,Wales,WAL-P1,Permanent,3
ENG-WAL-017,Engineer 0205,WAL,Wales,WAL-P2,Agency,4
ENG-WAL-018,Engineer 0206,WAL,Wales,WAL-P3,Permanent,5
ENG-WAL-019,Engineer 0207,WAL,Wales,WAL-P1,Permanent,5
ENG-WAL-020,Engineer 0208,WAL,Wales,WAL-P2,Permanent,3
ENG-SCO-001,Engineer 0209,SCO,Scotland,SCO-P1,Permanent,4
ENG-SCO-002,Engineer 0210,SCO,Scotland,SCO-P2,Permanent,4
ENG-SCO-003,Engineer 0211,SCO,Scotland,SCO-P3,Permanent,5
ENG-SCO-004,Engineer 0212,SCO,Scotland,SCO-P4,Permanent,5
ENG-SCO-005,Engineer 0213,SCO,Scotland,SCO-P1,Contract,4
ENG-SCO-006,Engineer 0214,SCO,Scotland,SCO-P2,Permanent,5
ENG-SCO-007,Engineer 0215,SCO,Scotland,SCO-P3,Permanent,5
ENG-SCO-008,Engineer 0216,SCO,Scotland,SCO-P4,Permanent,3
ENG-SCO-009,Engineer 0217,SCO,Scotland,SCO-P1,Contract,3
ENG-SCO-010,Engineer 0218,SCO,Scotland,SCO-P2,Permanent,5
ENG-SCO-011,Engineer 0219,SCO,Scotland,SCO-P3,Permanent,5
ENG-SCO-012,Engineer 0220,SCO,Scotland,SCO-P4,Contract,3
ENG-SCO-013,Engineer 0221,SCO,Scotland,SCO-P1,Permanent,3
ENG-SCO-014,Engineer 0222,SCO,Scotland,SCO-P2,Agency,4
ENG-SCO-015,Engineer 0223,SCO,Scotland,SCO-P3,Permanent,5
ENG-SCO-016,Engineer 0224,SCO,Scotland,SCO-P4,Contract,5
ENG-SCO-017,Engineer 0225,SCO,Scotland,SCO-P1,Agency,5
ENG-SCO-018,Engineer 0226,SCO,Scotland,SCO-P2,Permanent,4
ENG-SCO-019,Engineer 0227,SCO,Scotland,SCO-P3,Permanent,5
ENG-SCO-020,Engineer 0228,SCO,Scotland,SCO-P4,Permanent,3
ENG-SCO-021,Engineer 0229,SCO,Scotland,SCO-P1,Permanent,5
ENG-SCO-022,Engineer 0230,SCO,Scotland,SCO-P2,Agency,5
ENG-SCO-023,Engineer 0231,SCO,Scotland,SCO-P3,Contract,3
ENG-SCO-024,Engineer 0232,SCO,Scotland,SCO-P4,Permanent,4
ENG-SCO-025,Engineer 0233,SCO,Scotland,SCO-P1,Permanent,3
ENG-SCO-026,Engineer 0234,SCO,Scotland,SCO-P2,Permanent,3
ENG-YRK-001,Engineer 0235,YRK,Yorkshire,YRK-P1,Permanent,5
ENG-YRK-002,Engineer 0236,YRK,Yorkshire,YRK-P2,Permanent,4
ENG-YRK-003,Engineer 0237,YRK,Yorkshire,YRK-P3,Permanent,4
ENG-YRK-004,Engineer 0238,YRK,Yorkshire,YRK-P4,Permanent,5
ENG-YRK-005,Engineer 0239,YRK,Yorkshire,YRK-P5,Permanent,5
ENG-YRK-006,Engineer 0240,YRK,Yorkshire,YRK-P1,Permanent,3
ENG-YRK-007,Engineer 0241,YRK,Yorkshire,YRK-P2,Permanent,5
ENG-YRK-008,Engineer 0242,YRK,Yorkshire,YRK-P3,Permanent,4
ENG-YRK-009,Engineer 0243,YRK,Yorkshire,YRK-P4,Permanent,3
ENG-YRK-010,Engineer 0244,YRK,Yorkshire,YRK-P5,Permanent,3
ENG-YRK-011,Engineer 0245,YRK,Yorkshire,YRK-P1,Contract,3
ENG-YRK-012,Engineer 0246,YRK,Yorkshire,YRK-P2,Permanent,3
ENG-YRK-013,Engineer 0247,YRK,Yorkshire,YRK-P3,Agency,5
ENG-YRK-014,Engineer 0248,YRK,Yorkshire,YRK-P4,Contract,3
ENG-YRK-015,Engineer 0249,YRK,Yorkshire,YRK-P5,Permanent,5
ENG-YRK-016,Engineer 0250,YRK,Yorkshire,YRK-P1,Permanent,5
ENG-YRK-017,Engineer 0251,YRK,Yorkshire,YRK-P2,Permanent,4
ENG-YRK-018,Engineer 0252,YRK,Yorkshire,YRK-P3,Permanent,3
ENG-YRK-019,Engineer 0253,YRK,Yorkshire,YRK-P4,Permanent,3
ENG-YRK-020,Engineer 0254,YRK,Yorkshire,YRK-P5,Contract,3
ENG-YRK-021,Engineer 0255,YRK,Yorkshire,YRK-P1,Contract,3
ENG-YRK-022,Engineer 0256,YRK,Yorkshire,YRK-P2,Permanent,5
ENG-YRK-023,Engineer 0257,YRK,Yorkshire,YRK-P3,Permanent,3
ENG-YRK-024,Engineer 0258,YRK,Yorkshire,YRK-P4,Permanent,3
ENG-YRK-025,Engineer 0259,YRK,Yorkshire,YRK-P5,Permanent,4
ENG-YRK-026,Engineer 0260,YRK,Yorkshire,YRK-P1,Permanent,5
ENG-YRK-027,Engineer 0261,YRK,Yorkshire,YRK-P2,Permanent,4
ENG-YRK-028,Engineer 0262,YRK,Yorkshire,YRK-P3,Permanent,5
ENG-YRK-029,Engineer 0263,YRK,Yorkshire,YRK-P4,Contract,4
ENG-YRK-030,Engineer 0264,YRK,Yorkshire,YRK-P5,Contract,5
ENG-YRK-031,Engineer 0265,YRK,Yorkshire,YRK-P1,Permanent,3
ENG-YRK-032,Engineer 0266,YRK,Yorkshire,YRK-P2,Contract,4
ENG-YRK-033,Engineer 0267,YRK,Yorkshire,YRK-P3,Permanent,3
ENG-YRK-034,Engineer 0268,YRK,Yorkshire,YRK-P4,Contract,4
